aws-dynamodb, 27, 5
aws-route-53-routing-policy, 6, 0
aws-data-pipeline, 2, 0
aws-cloudfront, 12, 9
aws-ec2-instance-purchasing-option, 13, 4
aws-rds-replication-multi-az-read-replica, 31, 0
aws-ec2-overview, 2, 0
aws-glacier, 6, 0
aws-s3-object-lifecycle-management, 4, 0
aws-virtual-private-cloud-vpc, 43, 1
aws-regions-availability-zones-and-edge-locations, 1, 0
aws-trusted-advisor-categories, 1, 0
aws-dynamodb-secondary-indexes, 4, 0
aws-ec2-placement-groups, 2, 0
aws-elasticache-certification, 11, 0
aws-vpc-vpn-cloudhub, 6, 3
aws-ec2-container-service-ecs, 2, 0
aws-ec2-instance-lifecycle, 4, 0
aws-s3-data-consistency-model, 3, 0
aws-cloudwatch-overview, 20, 4
aws-cloudtrail, 6, 0
aws-workspace, 1, 0
aws-redshift, 4, 0
aws-route-53, 9, 0
aws-ec2-network, 12, 0
aws-ebs-volume-types, 6, 0
aws-consolidated-billing, 1, 0
aws-iam-role, 11, 5
aws-iam-access-management, 10, 1
aws-cloudformation, 27, 6
aws-rds-storage, 5, 0
aws-directory-services, 6, 0
aws-waf, 1, 0
aws-auto-scaling-elb, 7, 1
aws-bastion-host, 4, 0
aws-automated-backups, 2, 0
aws-cloud-migration-services, 3, 0
aws-rds-db-snapshot-backup-restore, 12, 0
aws-storage-gateway, 6, 0
aws-relational-database-service-rds, 11, 0
aws-ec2-instance-store-storage, 7, 0
aws-cloudsearch, 1, 0
aws-rds-db-maintenance-upgrades, 5, 0
aws-certification-rds-best-practices, 2, 0
aws-ebs-performanc, 5, 0
aws-s3-best-practices, 8, 0
aws-ec2-storage, 1, 0
aws-auto-scaling, 36, 2
aws-ebs-snapshot, 21, 0
aws-global-vs-regional-vs-az-resources, 6, 0
aws-intrusion-detection-prevention-idsips, 2, 0
cloudwatch-monitoring-supported-aws-services, 9, 0
aws-s3-storage-classes, 9, 3
aws-resource-tags, 11, 0
aws-config, 2, 0
aws-ec2-amazon-machine-image-ami, 7, 0
aws-sns-simple-notification-service, 12, 0
aws-ec2-monitoring, 6, 0
aws-s3-subresources, 5, 0
aws-vpc-peering, 1, 0
aws-sqs-simple-queue-service, 27, 0
aws-importexport, 1, 0
aws-elastic-beanstalk-vs-opsworks-vs-cloudformation, 3, 0
aws-interaction-tools, 4, 0
aws-vpc-nat, 4, 0
aws-swf, 11, 2
aws-opsworks, 8, 0
aws-cloudhsm, 2, 0
aws-billing-cost-management-certification, 6, 0
aws-elastic-transcoder, 1, 0
aws-api-gateway, 1, 0
aws-rds-security, 2, 0
aws-elb-monitoring, 3, 0
aws-elasticsearch, 2, 0
aws-simple-email-service-ses, 2, 1
aws-key-management-service-kms, 2, 0
aws-ec2-vm-importexport, 2, 0
aws-root-access-enabled-services, 3, 0
aws-vpc-security-group-vs-nacls, 13, 0
aws-ec2-instance-types, 7, 2
aws-ec2-instance-metadata-userdata, 6, 0
aws-iam-roles-vs-resource-based-policies, 2, 0
aws-iam-best-practices, 5, 0
aws-ec2-enhanced-networking, 2, 0
professional-questions, 62, 62
aws-kinesis, 8, 0
aws-ebs-vs-instance-store, 4, 0
aws-ec2-ebs-storage, 28, 0
iam-role-identity-providers-federation, 14, 7
aws-rds-monitoring-notification, 9, 0
aws-simple-storage-service-s3-overview, 13, 0
aws-elb-application-load-balancer, 1, 0
aws-elastic-load-balancing, 36, 0
aws-s3-data-protection, 9, 0
aws-ec2-security, 10, 0
aws-emr-certification, 5, 4
aws-direct-connect-dx, 11, 0
aws-s3-object-versioning, 5, 0
aws-elastic-beanstalk, 14, 2
aws-lambda, 1, 0
aws-iam-overview, 21, 0
aws-s3-permisions, 14, 0
